Chr,Start,Stop,sgRNA_Sequence,Strand,sgRNA_Type,Perturbation_Index,Replicate1_Control_Count,Replicate2_Control_Count,Replicate3_Control_Count,Replicate1_Sample_Count,Replicate2_Sample_Count,Replicate3_Sample_Count,Replicate1_Control_NormCount,Replicate2_Control_NormCount,Replicate3_Control_NormCount,Replicate1_Sample_NormCount,Replicate2_Sample_NormCount,Replicate3_Sample_NormCount,Log2FC_Replicate1,Log2FC_Replicate2,Log2FC_Replicate3
chr16,28930666.0,28930689.0,TGTCATTCCCCTGCTTAAAA, -,observation,28930683.0,34778,31941,28271,10521,4364,3564,12684.920807863959,13543.918000988666,10469.953203484514,11688.960724844968,16787.392831588513,13532.22972838273,-0.1179581584498585,0.3097124666560276,0.3701134007698732
chr16,28930669.0,28930692.0,GCATGTCATTCCCCTGCTTA, -,observation,28930686.0,32675,31025,25197,10690,2830,1849,11917.873005835725,13155.50721582522,9331.520316515132,11876.721808629665,10886.416524609416,7020.508632934811,-0.004989679219088505,-0.27311487629683057,-0.4104857046562765
chr16,28930672.0,28930695.0,AGAGCATGTCATTCCCCTGC, -,observation,28930689.0,50492,36412,47923,16296,5095,4172,18416.4420447026,15439.752739488411,17747.924281793654,18105.056931097195,19599.39653458833,15840.758256681467,-0.024600307014221286,0.34413975575846095,-0.1639991219054724
chr16,28930675.0,28930698.0,ACTAGAGCATGTCATTCCCC, -,observation,28930692.0,16683,20854,13178,6439,3149,2754,6084.954104249653,8842.705801090062,4880.373644919491,7153.808393429973,12113.542627560088,10456.72297193211,0.23342967777655727,0.45401700062129563,1.099209666185749
chr16,28930678.0,28930701.0,GGGGAATGACATGCTCTAGT, +,observation,28930684.0,13075,12281,22101,5039,3169,371,4768.972901340539,5207.503114183708,8184.9398942453845,5598.391131308221,12190.478433387716,1408.658032892815,0.2312888892152778,1.2269323718263505,-2.537802850188991
chr16,28930678.0,28930701.0,TTCACTAGAGCATGTCATTC, -,observation,28930695.0,41365,42573,22120,13604,4686,2394,15087.461878696091,18052.196896029884,8191.976402004791,15114.211738503083,18026.059305413328,9089.831080176278,0.002555444126916815,-0.0020902611527597965,0.15002453158045373
chr16,28930681.0,28930704.0,GAATGACATGCTCTAGTGAA, +,observation,28930687.0,8404,20589,6829,2922,859,1799,3065.273289702936,8730.338052107187,2529.0690257364704,3246.3780285141142,3304.392860296639,6830.662536857612,0.0827890523476951,-1.4013810071120723,1.4330599667285429
chr16,28930684.0,28930707.0,CTGGCTTTCACTAGAGCATG, -,observation,28930701.0,64121,50833,51511,21624,4251,4010,23387.480795935502,21554.678430364012,19076.71322078069,24024.53062580055,16352.705528662413,15225.656905391344,0.03877014043859285,-0.3984504017775797,-0.32528902574466645
chr16,28930684.0,28930707.0,TGACATGCTCTAGTGAAAGC, +,observation,28930690.0,7860,5899,15174,3512,1342,2118,2866.85483782307,2501.348495282932,5619.577302170918,3901.875303265424,5162.392571033864,8041.8806298301415,0.44456536844638833,1.0450365661789358,0.5169939876087227
chr16,28930687.0,28930710.0,AGACTGGCTTTCACTAGAGC, -,observation,28930704.0,39978,41097,55271,10633,3474,3290,14581.567774362682,17426.329735657342,20469.20107211604,11813.394105814708,13363.749472259049,12491.87312187968,-0.30369913582782077,-0.3829187386955375,-0.71241996618317
chr16,28930687.0,28930710.0,CATGCTCTAGTGAAAGCCAG, +,observation,28930693.0,24082,20313,48138,7929,1933,1796,8783.663893696586,8613.305981468418,17827.547922229052,8809.216765259553,7435.845633240283,6819.271771092981,0.004190426490165511,-0.21204374283325034,-1.3862880715216925
chr16,28930690.0,28930713.0,CCCAGACTGGCTTTCACTAG, -,observation,28930707.0,20566,19650,38598,6949,2243,2002,7501.23875250245,8332.17459439051,14294.480341979248,7720.424681774326,8628.350623568522,7601.43768693104,0.04154588773620058,0.05038579034615331,-0.9110251053071364
chr16,28930690.0,28930713.0,GCTCTAGTGAAAGCCAGTCT, +,observation,28930696.0,20185,32461,22724,7870,2297,1581,7362.272888226293,13764.413206539968,8415.663280251216,8743.667037784422,8836.077299303119,6002.933557961026,0.24805628326677717,-0.6394067082432926,-0.4873403899869467
chr16,28930693.0,28930716.0,CTAGTGAAAGCCAGTCTGGG, +,observation,28930699.0,23754,28946,22500,6201,1933,2166,8664.029238886666,12273.95042286146,8332.70655719294,6889.387458869275,7435.845633240283,8224.132882064252,-0.3306195070138767,-0.7229544661511844,-0.018919314733047587
chr16,28930693.0,28930716.0,CTGCCCAGACTGGCTTTCAC, -,observation,28930710.0,39357,32039,28501,15320,3728,3892,14355.064357786585,13585.472866650258,10555.131981624709,17020.708896932316,14340.83420626993,14777.620118649154,0.24571558803495458,0.07805857298017617,0.4854302775069086
chr16,28930696.0,28930719.0,GTGAAAGCCAGTCTGGGCAG, +,observation,28930702.0,31775,30920,43689,11920,4809,2643,11589.607184710947,13110.984145473516,16179.89407898677,13243.266974636634,18499.214511253245,10035.264638640729,0.19241185238588765,0.4966559838887378,-0.689068908722111
chr16,28930699.0,28930722.0,AAAGCCAGTCTGGGCAGCTG, +,observation,28930705.0,22970,23286,19956,9439,1714,2269,8378.073234706859,9873.94491628384,7390.555202459657,10486.84538369087,6593.398559427752,8615.215839983282,0.32385573306273474,-0.5825316158461805,0.22117644737559222
chr16,28930699.0,28930722.0,ACCCAGCTGCCCAGACTGGC, -,observation,28930716.0,28147,40399,32408,16533,4740,6457,10266.331185776837,17130.357325128865,12002.060182467056,18368.366853327807,18233.785981147925,24516.724847409452,0.8392406742802243,0.09005380575977041,1.0304228404668867
chr16,28930702.0,28930725.0,GCCAGTCTGGGCAGCTGGGT, +,observation,28930708.0,40657,23692,41015,8042,2624,2410,14829.226099411266,10046.10078831043,15189.598197478595,8934.76115855938,10093.977724584844,9150.581830920983,-0.7308780630130303,0.006858472781370494,-0.7310856467549205
chr16,28930705.0,28930728.0,AGTCTGGGCAGCTGGGTAGC, +,observation,28930711.0,64567,72305,98754,28156,9651,8918,23550.154747292894,30659.434302666963,36572.80459329029,31281.66316592861,37125.373102122074,33860.949696329175,0.4095655388566968,0.2760662515194242,-0.11114566814475732
chr16,28930708.0,28930731.0,CTGGGCAGCTGGGTAGCTAA, +,observation,28930714.0,21648,15732,44688,8016,2034,2824,7895.887217454683,6670.828026409746,16549.866250126135,8905.874837977119,7824.371452669806,10722.507506440188,0.1736352349278474,0.23007713290332263,-0.6261298597627428
chr16,28930708.0,28930731.0,TCATTAGCTACCCAGCTGCC, -,observation,28930725.0,44376,31729,40955,16980,5786,4404,16185.693420259102,13454.023801802367,15167.377646659414,18864.98936487668,22257.52862593289,16721.644142479672,0.22097945415618309,0.726213285065579,0.14073619223796033
chr16,28930711.0,28930734.0,CCCTCATTAGCTACCCAGCT, -,observation,28930728.0,29559,28413,30761,11521,3105,3522,10781.343785141491,12047.942837171378,11392.106062480534,12799.973054931934,11944.283854739306,13372.759007677883,0.2475826651903753,-0.012465434473841205,0.23124390805402398
chr16,28930711.0,28930734.0,GGCAGCTGGGTAGCTAATGA, +,observation,28930717.0,16682,18674,28209,7022,2233,3832,6084.589364448403,7918.322054740376,10446.991967638027,7801.528581870674,8589.882720654708,14549.804803356516,0.3585447481483893,0.11742944559604983,0.4778732577778297
chr16,28930714.0,28930737.0,AGCTGGGTAGCTAATGAGGG, +,observation,28930720.0,31225,25098,10854,7444,2461,5555,11389.00029402358,10642.285901781834,4019.697643189874,8270.375785167374,9466.950907089671,21091.901274176787,-0.4615685650921131,-0.1688194922756275,2.3912397932245026
chr16,28930714.0,28930737.0,ATCCCCTCATTAGCTACCCA, -,observation,28930731.0,23837,24769,21906,6891,2886,2578,8694.302642390396,10502.780281346491,8112.723104083046,7655.985966629281,11101.836780926775,9788.46471374037,-0.18345962859486872,0.08001968976785816,0.27086590693880885
chr16,28930717.0,28930740.0,CTAATCCCCTCATTAGCTAC, -,observation,28930734.0,28262,15871,13730,5472,1450,1062,10308.276262920559,6729.768090970575,5084.802712455958,6079.459470235877,5577.845922503057,4032.3310806797026,-0.7616908052201747,-0.27080444203906073,-0.3345036624395002
chr16,28930717.0,28930740.0,TGGGTAGCTAATGAGGGGAT, +,observation,28930723.0,9177,8376,4679,1648,501,152,3347.2171560689962,3551.668926341726,1732.8326213824782,1830.9483199833198,1927.2419359820908,577.1321320746844,-0.8700142951300962,-0.8816171725309796,-1.5844934687332728
chr16,28930720.0,28930743.0,TCTCTAATCCCCTCATTAGC, -,observation,28930737.0,14485,22132,15712,6182,1990,2392,5283.256021102693,9384.615171656527,5818.821574516242,6868.278224597623,7655.112679849024,9082.23723633319,0.37845815221502516,-0.2938392452617582,0.642231637681227
chr16,28930723.0,28930746.0,ATCTCTCTAATCCCCTCATT, -,observation,28930740.0,22239,13907,19665,7730,1755,1627,8111.448439993288,5896.9746607729685,7282.785530986629,8588.125311572247,6751.1169613743905,6177.591966352049,0.08237381564587411,0.19512027066104665,-0.23741034205270667
chr16,28930723.0,28930746.0,GCTAATGAGGGGATTAGAGA, +,observation,28930729.0,6100,1916,1888,1178,172,300,2224.912787623502,812.4400266082554,699.2066657769009,1308.7725248424458,661.647930117604,1139.0765764631929,-0.7650807952730833,-0.29579342359572364,0.7032780293229842
chr16,28930726.0,28930749.0,AAAATCTCTCTAATCCCCTC, -,observation,28930743.0,25134,28723,31510,6928,2158,4324,9167.370164611328,12179.391902019268,11669.492605206644,7697.093422842499,8301.373448801101,16417.890388756154,-0.2521641131980542,-0.552964820122062,0.4924911733796447
chr16,28930726.0,28930749.0,AATGAGGGGATTAGAGAGAT, +,observation,28930732.0,14945,10383,19125,3685,1598,1997,5451.0363296775795,4402.695613921459,7082.8005736139985,4094.080436370469,6147.170885627507,7582.45307732332,-0.41290338573980356,0.48144251223864587,0.0983313228004653
chr16,28930729.0,28930752.0,AACAAAATCTCTCTAATCCC, -,observation,28930746.0,13007,11665,15346,6338,2347,2903,4744.1705948555555,4946.301101453705,5683.276214519237,7041.59614809119,9028.41681387219,11022.464338242162,0.5696474000521744,0.8679911037334062,0.9555291242747248
chr16,28930735.0,28930758.0,TCATTCAACAAAATCTCTCT, -,observation,28930752.0,23647,12574,9057,5804,1233,1272,8625.002080152943,5331.743681927037,3354.1921461553975,6448.31556382475,4743.09242927329,4829.684684203938,-0.41954600190166363,-0.16874586839654496,0.5258322965729482
chr16,28930738.0,28930761.0,CTTTCATTCAACAAAATCTC, -,observation,28930755.0,18325,8910,8696,3169,789,620,6683.856857901749,3778.1005412732543,3220.4984987266575,3520.798074045595,3035.1175398999394,2354.0915913572653,-0.9245844752603422,-0.31581525720041276,-0.4519487539693116
chr16,28930741.0,28930764.0,TGCCTTTCATTCAACAAAAT, -,observation,28930758.0,21064,15152,15943,5206,1458,842,7682.879173524827,6424.891066371756,5904.37069517009,5783.930190432744,5608.620244834109,3197.0082579400278,-0.4095352835415259,-0.19599341618607954,-0.8848539599401539
chr16,28930744.0,28930767.0,ATCTGCCTTTCATTCAACAA, -,observation,28930761.0,21079,14568,9946,3362,1656,1232,7688.350270543573,6177.257989367988,3683.426640792932,3735.223453752379,6370.28472252763,4677.807807342178,-1.041280958034134,0.04438419488043873,0.34470083894314474
chr16,28930747.0,28930770.0,TCAATCTGCCTTTCATTCAA, -,observation,28930764.0,10781,12285,23899,4362,2263,2047,3932.2597972736025,5209.199231149487,8850.815733793514,4846.2357838393455,8705.28642939615,7772.299173400519,0.3014367797117204,0.7407189440277779,-0.1874463764378821
chr16,28930747.0,28930770.0,TTGTTGAATGAAAGGCAGAT, +,observation,28930753.0,21598,12662,17134,4642,1427,1472,7877.650227392196,5369.05825517418,6345.448628930836,5157.3192362636955,5489.369745801285,5589.069068512733,-0.6110474270265723,0.0319655711106029,-0.18308340012250704
chr16,28930750.0,28930773.0,GACTCAATCTGCCTTTCATT, -,observation,28930767.0,24955,14854,34138,8649,2620,2212,9102.081740187621,6298.530352421203,12642.75273108678,9609.145642922167,10078.590563419317,8398.791290455274,0.07820326011238066,0.6781208564480847,-0.5899993395922312
chr16,28930750.0,28930773.0,TTGAATGAAAGGCAGATTGA, +,observation,28930756.0,33260,24410,37896,11528,2537,2871,12131.245789566832,10350.553783667805,14034.499897394828,12807.750141242543,9759.30696923466,10900.962836752755,0.07828307529963267,-0.08484890716284421,-0.36449254124918967
chr16,28930753.0,28930776.0,AATGAAAGGCAGATTGAGTC, +,observation,28930759.0,17486,21139,18383,8453,2498,3720,6377.840164653206,8963.554134901831,6808.006428483458,9391.387226225123,9609.282147870785,14124.54954814359,0.5581977594354628,0.10034695729575412,1.052790795648058
chr16,28930753.0,28930776.0,CAGGACTCAATCTGCCTTTC, -,observation,28930770.0,23698,25930,24995,9840,2333,2303,8643.60381001668,10995.078230663916,9256.711128757222,10932.361328055744,8974.56174979285,8744.311185315777,0.3388652576464815,-0.2929149356958874,-0.08214582584187882
chr16,28930756.0,28930779.0,GAAAGGCAGATTGAGTCCTG, +,observation,28930762.0,11830,17508,13805,2826,2811,2092,4314.8718487845945,7423.903959215728,5112.5784009799345,3139.7208448257657,10813.32750907317,7943.160659869998,-0.4585563091855652,0.5424996838811262,0.635561580056005
chr16,28930759.0,28930782.0,AGGCAGATTGAGTCCTGCTA, +,observation,28930765.0,6561,8902,2332,1286,577,521,2393.057835999639,3774.7083073416957,863.6387418388415,1428.7618564918382,2219.597998127079,1978.1963211244115,-0.7436831362075783,-0.7657990725993481,1.194745338205032
chr16,28930759.0,28930782.0,GAGTAGCAGGACTCAATCTG, -,observation,28930776.0,11854,16179,15639,7073,2111,1083,4323.625604014589,6860.369097335576,5791.786571019572,7858.190210705109,8120.574305106175,4112.066441032126,0.8618054291615602,0.24326293369355634,-0.49404313462837895
chr16,28930762.0,28930785.0,CAGATTGAGTCCTGCTACTC, +,observation,28930768.0,22406,29450,51708,7243,2502,3488,8172.359986801997,12487.661160549646,19149.670695970333,8047.062306819894,9624.66930903631,13243.663662345389,-0.022287803553619583,-0.37566005666196817,-0.531983711105246
chr16,28930762.0,28930785.0,GGCGAGTAGCAGGACTCAAT, -,observation,28930779.0,41199,39713,38958,10271,2721,2979,15026.915071688632,16839.473265497727,14427.803646894334,11411.207642323227,10467.11638284884,11311.030404279505,-0.3970669661575711,-0.6859308135926113,-0.35109378192742985
chr16,28930765.0,28930788.0,ATTGAGTCCTGCTACTCGCC, +,observation,28930771.0,31188,18772,43188,9366,2915,2273,11375.50492137734,7959.876920401967,15994.352479646606,10405.741483594522,11213.393699376837,8630.403527669458,-0.12853899380262546,0.49435236104625246,-0.8899857085005013
chr16,28930765.0,28930788.0,GGGGGCGAGTAGCAGGACTC, -,observation,28930782.0,32327,21606,19544,8024,2333,1566,11790.943555000811,9161.575790656558,7237.974086834613,8914.762936617813,8974.56174979285,5945.979729137866,-0.4033713617001789,-0.02975099180471547,-0.28362809375119435
chr16,28930768.0,28930791.0,GAGTCCTGCTACTCGCCCCC, +,observation,28930774.0,25321,19934,29908,10559,1714,2200,9235.576507445032,8452.598898960836,11076.203898334508,11731.179193388272,6593.398559427752,8353.228227396747,0.3450408837535325,-0.35832457709205406,-0.40701530122535445
chr16,28930771.0,28930794.0,AATGAAGGGGGCGAGTAGCA, -,observation,28930788.0,37650,27864,34200,16346,3756,2275,13732.453517053254,11815.150783618177,12665.713966933266,18160.607547601543,14448.544334428609,8637.997371512545,0.40319744427507026,0.29026385685036077,-0.5521065148895613
chr16,28930771.0,28930794.0,TCCTGCTACTCGCCCCCTTC, +,observation,28930777.0,40090,53148,41710,14914,4294,4715,14622.418632102654,22536.306124308747,15446.986244467444,16569.63789091701,16518.117511191813,17902.486860079847,0.1803485196035502,-0.44817846425455465,0.21282180751975954
chr16,28930774.0,28930797.0,TGCTACTCGCCCCCTTCATT, +,observation,28930780.0,56889,51112,49934,17918,4214,5866,20749.68255329728,21672.982588727114,18492.683076749876,19907.118930498254,16210.3742878813,22272.743991776963,-0.0598018811145265,-0.41895787491316483,0.2683115102629739
chr16,28930777.0,28930800.0,AAGGGGAATGAAGGGGGCGA, -,observation,28930794.0,44728,29545,48696,13707,2854,4890,16314.081830299016,12527.943938486902,18034.19904484744,15228.64600850204,10978.73949160257,18566.948196350044,-0.09932381464522105,-0.19042099042514385,0.04199905728637018
chr16,28930777.0,28930800.0,TACTCGCCCCCTTCATTCCC, +,observation,28930783.0,40087,24075,29328,13579,4100,5436,14621.324412698905,10208.503987783793,10861.405240415756,15086.43643025091,15771.840194663817,20640.067565513054,0.045175027248056596,0.627529690809841,0.9261739979827684
chr16,28930780.0,28930803.0,ATGAAGGGGAATGAAGGGGG, -,observation,28930797.0,25566,18047,25154,7560,1854,3591,9324.93775875122,7652.45572035448,9315.595588428052,8399.253215457462,7131.949200221151,13634.746620264417,-0.1508159843312405,-0.1016126076724312,0.5495189208796086
chr16,28930780.0,28930803.0,TCGCCCCCTTCATTCCCCTT, +,observation,28930786.0,35567,28375,29503,7227,2123,2960,12972.700511050016,12031.829725996475,10926.215180305035,8029.286109538502,8166.735788602752,11238.888887770168,-0.6920667454123748,-0.5589678533386977,0.04070199930231189
chr16,28930783.0,28930806.0,CCCCCTTCATTCCCCTTCAT, +,observation,28930789.0,51733,41785,52927,14580,5226,3630,18869.084138053546,17718.061853771374,19601.118220113363,16198.559772667963,20103.326062759294,13782.826575204634,-0.2201462476283612,0.18220375335286954,-0.5080331063633539
chr16,28930783.0,28930806.0,TGAATGAAGGGGAATGAAGG, -,observation,28930800.0,23622,18134,24030,4899,1987,1870,8615.883585121699,7689.346264360179,8899.330603082059,5442.849405096046,7643.572308974879,7100.243993287235,-0.6625390353998193,-0.00861276885850049,-0.3257871484921789
chr16,28930786.0,28930809.0,CCTTCATTCCCCTTCATTCA, +,observation,28930792.0,28430,23263,37396,7654,2365,2603,10369.552549530517,9864.192243730608,13849.328640568317,8503.688374485637,9097.659039117056,9883.38776177897,-0.28616248459974036,-0.11669322862617991,-0.4866966955312992
chr16,28930786.0,28930809.0,GCATGAATGAAGGGGAATGA, -,observation,28930803.0,18925,20066,24628,5416,1558,2422,6902.7007386516025,8508.57075883155,9120.795426246565,6017.242779751007,5993.29927397225,9196.14489397951,-0.1980276209013196,-0.505495246821151,0.011868253794600984
chr16,28930789.0,28930812.0,GAGGCATGAATGAAGGGGAA, -,observation,28930806.0,12668,10860,5168,3421,1258,789,4620.523802231889,4604.9575620906335,1913.930110558805,3800.77318122751,4839.262186557825,2995.771396098197,-0.2816961519528276,0.07158407866039153,0.646117295478861
chr16,28930789.0,28930812.0,TCATTCCCCTTCATTCATGC, +,observation,28930795.0,15284,13225,7225,5522,1370,1825,5574.683122301247,5607.786718107608,2675.724661143066,6135.010086740225,5270.102699192544,6929.382506817757,0.13815228226264845,-0.08958392258540199,1.3724662357634145
chr16,28930792.0,28930815.0,AATGAGGCATGAATGAAGGG, -,observation,28930809.0,15864,10805,12511,3118,1087,1557,5786.232207026104,4581.635953811168,4633.355188312927,3464.1364452111598,4181.461046731602,5911.80743184397,-0.7399613701225474,-0.1318255782556417,0.35147467209811556
chr16,28930792.0,28930815.0,TTCCCCTTCATTCATGCCTC, +,observation,28930798.0,28631,19182,30487,10496,1733,3371,10442.865249581719,8133.728909394339,11290.632213739606,11661.185416592794,6666.487574963999,12799.423797524743,0.159182416678242,-0.2869510374719344,0.18093753207278718
chr16,28930795.0,28930818.0,AAGAATGAGGCATGAATGAA, -,observation,28930812.0,12432,11235,14493,2825,692,803,4534.445209136947,4763.968527632437,5367.3740503732115,3138.609832495679,2661.978881635942,3048.928302999813,-0.5306588929988645,-0.8394256977293642,-0.8157098686750299
chr16,28930795.0,28930818.0,CCCTTCATTCATGCCTCATT, +,observation,28930801.0,42193,52121,39361,14872,5479,5879,15389.466434130887,22100.828093344924,14577.051679896502,16522.975373053356,21076.564006478795,22322.103976757036,0.1025238595059,-0.06845756292265869,0.6147397246057051
chr16,28930798.0,28930821.0,CGGAAGAATGAGGCATGAAT, -,observation,28930815.0,20911,36822,23068,10858,2711,2237,7627.073983933615,15613.604728480783,8543.061104947854,12063.371880084276,10428.648479935027,8493.714338493874,0.6613620635921388,-0.5822055149278195,-0.008356531785984373
chr16,28930798.0,28930821.0,TTCATTCATGCCTCATTCTT, +,observation,28930804.0,25839,26118,25786,4997,1525,1551,9424.511724492404,11074.79572805554,9549.65205705676,5551.7286134445685,5866.355194356664,5889.025900314707,-0.7633740597552833,-0.9166281145474934,-0.6973252563854802
chr16,28930801.0,28930824.0,AGGCGGAAGAATGAGGCATG, -,observation,28930818.0,18126,10131,3819,5059,1413,1251,6611.273637453049,4295.840245077367,1414.3380596408815,5620.6113779099605,5435.514681721945,4749.949323851514,-0.23416270565993044,0.3394059050916075,1.7470691300871455
chr16,28930801.0,28930824.0,ATTCATGCCTCATTCTTCCG, +,observation,28930807.0,26908,38328,44793,12303,4699,3113,9814.418572028391,16252.192766096667,16588.752214059703,13668.78469705994,18076.067579201288,11819.817941766398,0.477868823380644,0.15343751801410446,-0.48896247195415565
chr16,28930804.0,28930827.0,CATGCCTCATTCTTCCGCCT, +,observation,28930810.0,29914,14807,24833,8998,2800,2311,10910.826414585154,6278.6009780732975,9196.715641545434,9996.888946122519,10771.012815867973,8774.68656068813,-0.1261971921016851,0.7785430567770093,-0.06776359752046796
chr16,28930804.0,28930827.0,GGGAGGCGGAAGAATGAGGC, -,observation,28930821.0,20575,15394,15720,6826,2024,1955,7504.521410713697,6527.5061428014005,5821.784314625466,7583.770165173629,7785.903549755992,7422.982356618473,0.015153164612809899,0.2542968457725111,0.35048410185058654
chr16,28930807.0,28930830.0,GCCTCATTCTTCCGCCTCCC, +,observation,28930813.0,49886,26639,60360,16307,6294,4247,18195.409725145248,11295.714962848286,22353.87412409626,18117.27806672815,24211.698093954652,16125.527400797266,-0.006207974619492366,1.0998605481698682,-0.4711536125826271
chr16,28930807.0,28930830.0,GCTGGGAGGCGGAAGAATGA, -,observation,28930824.0,23364,6498,21679,7010,837,852,8521.780716399262,2755.342010908373,8028.65535348381,7788.196433909631,3219.7634738862475,3234.9774771554676,-0.12984971195260891,0.22464780527411948,-1.3111364996887032
chr16,28930810.0,28930833.0,GCGGCTGGGAGGCGGAAGAA, -,observation,28930827.0,53934,67727,63409,27958,8637,11643,19671.876440604254,28718.228435332625,23483.048448224316,31061.68272457139,33224.727746661316,44207.56193253651,0.6589745187102646,0.2102838088067329,0.9126446672745608
chr16,28930810.0,28930833.0,TCATTCTTCCGCCTCCCAGC, +,observation,28930816.0,69361,54973,42730,19222,3882,5198,25298.717354484215,23310.159489945523,15824.735608393523,21355.879008931657,14933.239911142668,19736.40014818559,-0.244420433438712,-0.6423969529439091,0.3186594072386683
chr16,28930813.0,28930836.0,GAGGCGGCTGGGAGGCGGAA, -,observation,28930830.0,43436,33436,45607,10647,3974,2931,15842.838007084332,14177.841716948657,16890.21102017326,11828.948278435926,15287.144617949758,11128.778152045394,-0.42147808971108325,0.10867364837989744,-0.6018479303039811
chr16,28930813.0,28930836.0,TTCTTCCGCCTCCCAGCCGC, +,observation,28930819.0,35424,23133,55981,16882,3184,4043,12920.542719471301,9809.068442342783,20732.144256809686,18756.110156528157,12248.180287758438,15350.955328802294,0.5376592483925232,0.32035010074068027,-0.43351650430385125
chr16,28930816.0,28930839.0,GTTGAGGCGGCTGGGAGGCG, -,observation,28930833.0,47117,45309,65152,18519,4676,4026,17185.44521548468,19212.340900622883,24128.555449521526,20574.83734088052,17987.591402499515,15286.407656136047,0.25967996916906955,-0.09502618229687859,-0.6584575521761664
chr16,28930816.0,28930839.0,TTCCGCCTCCCAGCCGCCTC, +,observation,28930822.0,43681,21025,22393,8864,2322,2996,15932.199258390523,8915.214801377124,8293.079908232066,9848.013293890865,8932.247056587656,11375.578076945752,-0.6939848744716253,0.0027532883378642643,0.45591282757325224
chr16,28930819.0,28930842.0,CCAGTTGAGGCGGCTGGGAG, -,observation,28930836.0,17879,22071,23274,8112,3185,3367,6521.182906544359,9358.749387928394,8619.351662760377,9012.532021665467,12252.02707804982,12784.236109838566,0.4667376477012234,0.38859640072696255,0.5686601740049626
chr16,28930819.0,28930842.0,CGCCTCCCAGCCGCCTCAAC, +,observation,28930825.0,80929,64676,56660,27606,8527,7141,29518.027375341375,27424.515219684512,20983.606823580085,30670.60638438078,32801.58081460936,27113.819441745534,0.05525854109400535,0.2582906029284368,0.3697501309071426
chr16,28930822.0,28930845.0,CTCCCAGCCGCCTCAACTGG, +,observation,28930828.0,28813,20513,28711,9456,2899,1868,10509.247893409174,8698.111829757381,10632.903909491843,10505.73259330235,11151.845054714733,7092.650149444147,-0.00048261034279897564,0.3584717680009342,-0.584071249950942
chr16,28930822.0,28930845.0,TGGCCAGTTGAGGCGGCTGG, -,observation,28930839.0,32590,27333,44636,12936,4431,5203,11886.870122729497,11589.991256410984,16530.608439416177,14372.05550200499,17045.127781111067,19755.38475779331,0.273876530972954,0.5564401018684355,0.2570918725750934
chr16,28930825.0,28930848.0,CCAGCCGCCTCAACTGGCCA, +,observation,28930831.0,49804,22829,34986,17522,3708,3253,18165.50106144277,9680.16355294356,12956.80318266454,19467.158047783814,14263.898400442302,12351.387010782553,0.09983581429798354,0.5592171149212467,-0.06903129056071924
chr16,28930825.0,28930848.0,CTTTGGCCAGTTGAGGCGGC, -,observation,28930842.0,50492,44896,71838,25231,5864,6455,18416.4420447026,19037.216823906176,26604.665495805617,28031.952100424234,22557.57826866064,24509.131003566366,0.6060509772098401,0.24477778836234,-0.11835529530419787
chr16,28930828.0,28930851.0,GCCGCCTCAACTGGCCAAAG, +,observation,28930834.0,29703,42219,41495,13528,3206,5832,10833.866316521455,17902.09054455842,15367.362604032045,15029.774801416474,12332.80967416883,22143.648646444468,0.4722380255545717,-0.5375901670734882,0.5269946434426697
chr16,28930831.0,28930854.0,ACTTCCCTTTGGCCAGTTGA, -,observation,28930848.0,39914,65090,52176,18685,5153,6121,14558.224427082698,27600.063325642663,19322.990992359944,20759.265387674957,19822.510371488454,23240.959081770678,0.5118913815056586,-0.4775113882711534,0.2663385943022644
chr16,28930834.0,28930857.0,TCAACTGGCCAAAGGGAAGT, +,observation,28930840.0,28815,23462,42241,11028,2369,6510,10509.977373011674,9948.574062778125,15643.638119217198,12252.243976199059,9113.04620028258,24717.961709251285,0.2212669191707003,-0.1265430820018653,0.6599498582599724
chr16,28930834.0,28930857.0,TCCACTTCCCTTTGGCCAGT, -,observation,28930851.0,42208,35536,49845,17136,5002,3041,15394.937531149635,15068.303123982758,18459.722593034756,19038.307288370248,19241.645037489856,11546.439563415232,0.3064312671313834,0.3526944199430845,-0.6768860288463925
chr16,28930837.0,28930860.0,ACTGGCCAAAGGGAAGTGGA, +,observation,28930843.0,10221,2420,1522,1405,76,1005,3728.00550857374,1026.1507642964395,563.6613057798957,1560.972323772187,292.35606214498785,3815.906531151696,-1.2554220373705776,-1.807923244285048,2.7569461810162785
chr16,28930837.0,28930860.0,GCCTCCACTTCCCTTTGGCC, -,observation,28930854.0,54512,50598,34752,16915,4633,4624,19882.696045726614,21455.03155862448,12870.143034469735,18792.77356342103,17822.179419970114,17556.966965219344,-0.08133118301254783,-0.26762854677483255,0.447985625872321
chr16,28930840.0,28930863.0,AGGGCCTCCACTTCCCTTTG, -,observation,28930857.0,53180,44680,32463,18672,6387,5787,19396.86263046194,18945.626507754096,12022.429020717973,20744.822227383826,24569.449591053122,21972.78715997499,0.09692314062304976,0.37498326047865815,0.8699351342111925
chr16,28930840.0,28930863.0,GGCCAAAGGGAAGTGGAGGC, +,observation,28930846.0,37918,47663,49212,14318,4281,5519,13830.203783788187,20210.505734983963,18225.295781892397,15907.474542185177,16468.109237403853,20955.212085001203,0.2018687774528527,-0.29541427860475233,0.20135658253952443
chr16,28930843.0,28930866.0,CAAAGGGAAGTGGAGGCCCT, +,observation,28930849.0,35334,32278,29275,8012,2691,2323,12887.716137358822,13686.815855355568,10841.777087192146,8901.430788656771,10351.712674107399,8820.249623746657,-0.5338373424205244,-0.4028834161712446,-0.2976793632913303
chr16,28930843.0,28930866.0,GGCAGGGCCTCCACTTCCCT, -,observation,28930860.0,54257,58914,58838,27535,6330,9565,19789.687396407924,24981.25873047952,21790.212818316362,30591.724508944604,24350.182544444382,36317.55817956813,0.6283668724541064,-0.03691208747679584,0.736960436059461
chr16,28930846.0,28930869.0,AGGGAAGTGGAGGCCCTGCC, +,observation,28930852.0,74756,55689,70095,30121,9322,7946,27266.48858222664,23613.764426820006,25959.158494508403,33464.8023945495,35859.77909625759,30170.341588588435,0.2955057757542911,0.602717688229046,0.21687965684936975
chr16,28930846.0,28930869.0,GGTGGCAGGGCCTCCACTTC, -,observation,28930863.0,34736,41137,55803,16097,4203,3571,12669.601736211469,17443.290905315138,20666.223289379446,17883.96547740989,16168.059594676104,13558.808181833538,0.4972622928067222,-0.1095191815082372,-0.6080078007403729
chr16,28930849.0,28930872.0,ACAGGTGGCAGGGCCTCCAC, -,observation,28930866.0,36205,26828,42281,5105,1954,3478,13205.404504247359,11375.856489481353,15658.451819763319,5671.717945093961,7516.628229359292,13205.694443129949,-1.2191257023906428,-0.5977525088821354,-0.24576429622537516
chr16,28930849.0,28930872.0,GAAGTGGAGGCCCTGCCACC, +,observation,28930855.0,79036,65708,61487,19387,4687,4239,28827.57493157559,27862.113396855555,22771.25013698321,21539.19604339601,18029.90609570471,16095.152025424914,-0.4204681422620056,-0.6278845748374801,-0.500561015578102
chr16,28930852.0,28930875.0,CCTACAGGTGGCAGGGCCTC, -,observation,28930869.0,14318,11611,5484,4715,2379,2812,5222.344474293984,4923.403522415685,2030.958344873159,5238.423136360044,9151.514103196396,10676.94444338166,0.004434127785390266,0.8942191055769163,2.3936912155992895
chr16,28930852.0,28930875.0,GTGGAGGCCCTGCCACCTGT, +,observation,28930858.0,15293,14952,17797,6215,1942,3123,5577.965780512494,6340.085218082794,6590.985715482789,6904.941631490493,7470.4667458627155,11857.787160981838,0.3078404382805829,0.2366617251664586,0.8471714466503485
chr16,28930855.0,28930878.0,CTCCCTACAGGTGGCAGGGC, -,observation,28930872.0,30189,20636,22238,11871,3265,1129,11011.129859928837,8750.267426455093,8235.676818615848,13188.827370462372,12559.770301360333,4286.724849423149,0.26033215455507874,0.521361062128229,-0.9418500544204944
chr16,28930855.0,28930878.0,GAGGCCCTGCCACCTGTAGG, +,observation,28930861.0,23229,19720,17053,10057,2215,2344,8472.540843230545,8361.856641291648,6315.450885324942,11173.451003684615,8520.640495409843,8899.98498409908,0.39916709367446385,0.0271353574112585,0.49485083538201624
chr16,28930858.0,28930881.0,ACCCTCCCTACAGGTGGCAG, -,observation,28930875.0,59455,42713,62512,13072,6121,5288,21685.60488330415,18111.560989832156,23150.851213477556,14523.153178896819,23546.203373545664,20078.123121124547,-0.5783501608378095,0.3785651779806079,-0.20543128898217064
chr16,28930861.0,28930884.0,CTGCCACCTGTAGGGAGGGT, +,observation,28930867.0,14790,12405,13413,5092,845,1222,5394.501660483867,5260.082740122864,4967.40413562795,5657.27478480283,3250.537796217299,4639.838588126739,0.0686051363570038,-0.6942375453477462,-0.09839700842550149
chr16,28930861.0,28930884.0,GGGACCCTCCCTACAGGTGG, -,observation,28930878.0,26877,31240,30067,11317,2702,2312,9803.11163818965,13246.673502735855,11135.088358005338,12573.326539594193,10394.027367312594,8778.483482609672,0.3590223165098535,-0.34984546582984494,-0.3430345929694618
chr16,28930864.0,28930887.0,CAGGGGACCCTCCCTACAGG, -,observation,28930881.0,41474,32399,18553,11813,3173,3602,15127.218517032314,13738.12339357039,6870.964655804471,13124.388655317327,12205.865594553243,13676.512761401402,-0.2048819643271252,-0.17059715652908014,0.9930113803108098
chr16,28930864.0,28930887.0,CCACCTGTAGGGAGGGTCCC, +,observation,28930870.0,47364,37217,59503,11314,5041,4046,17275.535946393367,15781.096278851483,22036.49058989562,12569.993502603931,19391.669858853733,15362.346094566927,-0.4587153047080584,0.2972225921007241,-0.5204674882109627
chr16,28930867.0,28930890.0,CCCCAGGGGACCCTCCCTAC, -,observation,28930884.0,50929,49871,66840,20346,6879,6711,18575.833337848744,21146.762300094106,24753.693612567826,22604.65686794941,26462.07041441278,25481.143015481623,0.2831792430372943,0.3234754459247136,0.04178451823902514
chr16,28930867.0,28930890.0,CCTGTAGGGAGGGTCCCCTG, +,observation,28930873.0,32055,18483,15507,6671,2056,763,11691.734329060877,7837.332469624417,5742.901359217373,7411.56325401015,7909.000839080198,2897.0514261380536,-0.6575679256293697,0.013131080345870934,-0.9869477779269547
chr16,28930870.0,28930893.0,AAGCCCCAGGGGACCCTCCC, -,observation,28930887.0,51905,42577,49850,10718,2388,4179,18931.819383868504,18053.89301299566,18461.574305603022,11907.8301538721,9186.13521581883,15867.336710132276,-0.6688575670337984,-0.9747029039339498,-0.2184528119030322
chr16,28930870.0,28930893.0,GTAGGGAGGGTCCCCTGGGG, +,observation,28930876.0,45703,34816,55481,15606,3832,4504,16669.703136517524,14763.002070142495,20546.972999983176,17338.45842333719,14740.900396573597,17101.336334634067,0.05674388289331243,-0.002161328964792675,-0.2648026592653784
chr16,28930873.0,28930896.0,GGCAAGCCCCAGGGGACCCT, -,observation,28930890.0,48296,43149,30549,14084,2611,3515,17615.473441158138,18296.437739102093,11313.593449586093,15647.497656944828,10043.969450796885,13346.180554227076,-0.17090098980137386,-0.8651684600026546,0.23835027323627092
chr16,28930873.0,28930896.0,GGGAGGGTCCCCTGGGGCTT, +,observation,28930879.0,36248,26837,26651,14392,4496,3202,13221.088315701098,11379.672752654358,9869.998331366623,15989.689454611613,17295.16915005086,12157.743992783811,0.2742820872250305,0.6038666941931486,0.3007262967960026
chr16,28930876.0,28930899.0,AGGGTCCCCTGGGGCTTGCC, +,observation,28930882.0,49665,64012,65903,24639,5382,3756,18114.802229069053,27142.959803365156,24406.682677274945,27374.232801012753,20703.425348214798,14261.238737319174,0.5956225389240566,-0.39069203749090287,-0.7751348700039441
chr16,28930879.0,28930902.0,GCTGTGGGCAAGCCCCAGGG, -,observation,28930896.0,40424,30876,29066,7988,5463,2587,14744.241725720072,13092.326858849943,10764.375501838666,8874.766492734683,21015.01536181669,9822.637011034267,-0.7323058552350512,0.6826574445962085,-0.13206948392378173
chr16,28930879.0,28930902.0,GTCCCCTGGGGCTTGCCCAC, +,observation,28930885.0,24385,27637,33719,9751,3280,4729,8894.180053475262,11718.896145810206,12487.579217866165,10833.481230678004,12617.472155731055,17955.643766981462,0.2845343634484083,0.10657745383784697,0.5239083687274434
chr16,28930882.0,28930905.0,CCCTGGGGCTTGCCCACAGC, +,observation,28930888.0,33217,25290,27281,14235,2565,4815,12115.561978113092,10723.699516139237,10103.314114968025,15815.26051878796,9867.01709739334,18282.179052234245,0.3844281414223166,-0.12010510658898405,0.8555455515918315
chr16,28930882.0,28930905.0,TTTGCTGTGGGCAAGCCCCA, -,observation,28930899.0,26552,35518,27435,7948,1490,3108,9684.57120278348,15060.67059763675,10160.34686207059,8830.325999531206,5731.717534158314,11800.833332158678,-0.133207062848488,-1.3935906979340646,0.21591934902743964
chr16,28930885.0,28930908.0,CTGTTTGCTGTGGGCAAGCC, -,observation,28930902.0,47200,38511,46967,16687,5773,4105,17215.71861898841,16329.790117281065,17393.876838741366,18539.4627521612,22207.520352144933,15586.36448793802,0.10686705091559646,0.44351868304527303,-0.15828544652049817
chr16,28930885.0,28930908.0,TGGGGCTTGCCCACAGCAAA, +,observation,28930891.0,35384,12471,29832,4303,1957,2235,12905.95312742131,5288.068670058222,11048.057867296879,4780.686056364214,7528.168600233437,8486.120494650786,-1.4325571543355176,0.5094768591769939,-0.38057629376159585
chr16,28930888.0,28930911.0,GGCTTGCCCACAGCAAACAG, +,observation,28930894.0,18949,7363,10762,6953,2949,2109,6911.454493881596,3122.127304758134,3985.626131933796,7724.868731094673,11344.184569283805,8007.7083325362455,0.1604990873764582,1.8610167969719367,1.0064012644818225
chr16,28930888.0,28930911.0,TTCCTGTTTGCTGTGGGCAA, -,observation,28930905.0,21547,17148,7819,4814,1478,2211,7859.048497528458,7271.253432295596,2895.7081142529596,5348.413357038654,5685.556050661738,8394.994368533731,-0.5551575269693958,-0.3548472996841107,1.5352868796807018
chr16,28930891.0,28930914.0,GACTTCCTGTTTGCTGTGGG, -,observation,28930908.0,31685,37519,70688,13404,4725,5476,11556.780602598468,15909.153109767814,26178.771605104645,14892.009272485691,18176.084126777205,20791.944442374814,0.3657709043675092,0.19217306909600312,-0.332358441643108
chr16,28930894.0,28930917.0,CCCACAGCAAACAGGAAGTC, +,observation,28930900.0,35141,19296,10760,8749,2994,1774,12817.32135571762,8182.068242919047,3984.88544690649,9720.246875930865,11517.290132395969,6735.739488819014,-0.3989940686798692,0.4932127789381899,0.7571502629016361
chr16,28930894.0,28930917.0,TGTGACTTCCTGTTTGCTGT, -,observation,28930911.0,43095,25870,34862,12760,2954,3409,15718.461734858167,10969.636476177227,12910.880710971565,14176.517331909685,11363.418520740712,12943.706830543415,-0.14894689775259,0.050876640112250175,0.003663136543829756
chr16,28930897.0,28930920.0,ACAGCAAACAGGAAGTCACA, +,observation,28930903.0,16834,14607,6276,5106,951,2005,6140.029814238365,6193.795129784336,2324.2696156863503,5672.828957424048,3658.2975671037293,7612.828452695672,-0.11415794732159688,-0.7594898336290595,1.7112240580507476
chr16,28930897.0,28930920.0,GGCTGTGACTTCCTGTTTGC, -,observation,28930914.0,34361,44842,37699,16124,4000,4993,12532.824310742812,19014.319244868155,13961.542422205182,17913.96281032224,15387.161165525677,18958.031154269072,0.5153383728405294,-0.3053413156568356,0.4413235773811354
chr16,28930900.0,28930923.0,CCAGGCTGTGACTTCCTGTT, -,observation,28930917.0,20706,22236,23767,5317,1609,992,7552.302324677415,9428.714212766788,8801.930521991315,5907.252559072397,6189.485578832703,3766.5465461716244,-0.3543760345631744,-0.6071614694575496,-1.2243585455038082
chr16,28930903.0,28930926.0,AACAGGAAGTCACAGCCTGG, +,observation,28930909.0,26302,15769,32380,10966,2598,3373,9593.38625247104,6686.517108343204,11991.690592084771,12183.361211733667,9993.961177008927,12807.017641367831,0.3447681909285134,0.5797302860024536,0.09489183254980524
chr16,28930903.0,28930926.0,TCACCAGGCTGTGACTTCCT, -,observation,28930920.0,36631,44464,60982,14657,4105,7676,13360.783659579754,18854.03619160202,22584.227167588437,16284.107722084658,15791.074146120725,29145.17266977156,0.28544065735048374,-0.2557492510972357,0.36792702351772805
chr16,28930906.0,28930929.0,AGGAAGTCACAGCCTGGTGA, +,observation,28930912.0,51282,45967,38274,11229,4570,8467,18704.586487689907,19491.352141493568,14174.489367555669,12475.55745454654,17579.831631613084,32148.537909712846,-0.5842492811917784,-0.14890487471049238,1.1813994607440914
chr16,28930906.0,28930929.0,ATCTCACCAGGCTGTGACTT, -,observation,28930923.0,34950,30929,26295,10918,2384,4302,12747.656053678917,13114.800408646519,9738.156396506149,12130.032619889493,9170.748054653302,16334.358106482185,-0.07164280708644066,-0.5160372224686871,0.7461293652086723
chr16,28930909.0,28930932.0,AAGTCACAGCCTGGTGAGAT, +,observation,28930915.0,14610,19840,26522,6401,1584,1427,5328.848496258912,8412.740150265025,9822.224147105384,7111.589924886669,6093.315821548167,5418.207582043254,0.4162804634080433,-0.46528299688098007,-0.8581147085728286
chr16,28930909.0,28930932.0,CCCATCTCACCAGGCTGTGA, -,observation,28930926.0,41362,42150,34371,12129,3517,5350,15086.367659292342,17872.83252689873,12729.042536767935,13475.468551624808,13529.161454788451,20313.53228026027,-0.16289862200360625,-0.401669956782054,0.674274908549489
chr16,28930912.0,28930935.0,AGGCCCATCTCACCAGGCTG, -,observation,28930929.0,37356,38456,44883,9093,3079,2517,13625.220015485826,16306.468509001601,16622.083040288475,10102.43511748078,11844.267307163389,9556.852476526188,-0.4315395210229412,-0.4612220869293659,-0.7984295746787099
chr16,28930912.0,28930935.0,TCACAGCCTGGTGAGATGGG, +,observation,28930918.0,9473,7993,14915,3086,2505,468,3455.1801372389236,3389.265726868364,5523.658591134786,3428.584050648377,9636.209679910455,1776.9594592825808,-0.011144800198331684,1.5072171393099818,-1.6356628841662446
chr16,28930915.0,28930938.0,CAGCCTGGTGAGATGGGCCT, +,observation,28930921.0,34660,28020,29923,12898,7406,2952,12641.881511316487,11881.299345283567,11081.759036039302,14329.837033461687,28489.328897970787,11208.513512397818,0.1807975629286791,1.2616582372558556,0.016406584376474295
chr16,28930915.0,28930938.0,CCCAGGCCCATCTCACCAGG, -,observation,28930932.0,99268,92195,75301,24154,7340,7834,36206.99059046062,39093.37591500423,27887.161620586023,26835.391820920573,28235.440738739613,29745.086333375508,-0.4321174019775119,-0.46940283212807243,0.09304703131085099
chr16,28930918.0,28930941.0,ATTCCCAGGCCCATCTCACC, -,observation,28930935.0,75741,79337,87909,20848,8935,8132,27625.75728645765,33641.20792850687,32556.44003272329,23162.385057653064,34371.07125349298,30876.569065995613,-0.25422013283020284,0.030964398453099833,-0.07642808966667093
chr16,28930918.0,28930941.0,CCTGGTGAGATGGGCCTGGG, +,observation,28930924.0,77060,54281,49686,18537,3325,3614,28106.849084306075,23016.731254865714,18400.838133363926,20594.835562822085,12790.577718843218,13722.07582445993,-0.44862040081182114,-0.8475514232496736,-0.42324600572219956
chr16,28930921.0,28930944.0,CTGATTCCCAGGCCCATCTC, -,observation,28930938.0,37105,37556,29559,10435,4136,4948,13533.670325372137,15924.842191701273,10946.954361069604,11593.413664457488,15910.324645153549,18787.169667799593,-0.22322988313276537,-0.0013157197039084057,0.7791632014796565
chr16,28930921.0,28930944.0,GGTGAGATGGGCCTGGGAAT, +,observation,28930927.0,28477,27105,24840,9377,3625,3882,10386.695320189256,11493.312589361567,9199.308039141004,10417.962619225478,13944.614806257643,14739.650899433715,0.004336036219675164,0.27889134930653736,0.6800461600506232
chr16,28930924.0,28930947.0,TGGCTGATTCCCAGGCCCAT, -,observation,28930941.0,24496,25842,34873,12008,2257,1992,8934.666171413985,10957.763657416772,12914.95447862175,13341.036059684286,8682.205687647862,7563.4684677156,0.5783316514831944,-0.33578538203731606,-0.7718436440898288
chr16,28930927.0,28930950.0,ATGGGCCTGGGAATCAGCCA, +,observation,28930933.0,25686,31137,38488,13000,5203,3702,9368.706534901192,13202.99849086704,14253.742665477415,14443.160291130556,20014.849886057524,14056.2049535558,0.624410567913661,0.6001679960173615,-0.02013222868577248
chr16,28930930.0,28930953.0,GGCCTGGGAATCAGCCACTG, +,observation,28930936.0,37932,40183,61432,17602,7387,5051,13835.310141005684,17038.76700897679,22750.881298732296,19556.039034190773,28416.23988243454,19178.252625718622,0.4992287033668011,0.7378608257040115,-0.24643934052708483
chr16,28930930.0,28930953.0,TCTCAGTGGCTGATTCCCAG, -,observation,28930947.0,34664,47274,36009,14308,5317,3347,12643.340470521487,20045.558360061932,13335.66357413158,15896.364418884308,20453.383979275004,12708.297671407689,0.33029581690643617,0.029055515826042502,-0.06951348566273968
chr16,28930933.0,28930956.0,CTGGGAATCAGCCACTGAGA, +,observation,28930939.0,14725,10008,12177,3739,1549,1005,5370.793573402634,4243.684648379655,4509.660788752819,4154.0751021951655,5958.678161349818,3815.906531151696,-0.3705293124589821,0.48957704819107617,-0.24093493830998514
chr16,28930936.0,28930959.0,CCACTTTCTCAGTGGCTGAT, -,observation,28930953.0,8187,8275,17115,2927,1595,1025,2986.1247528317394,3508.8419729558,6338.412121171429,3251.933090164549,6135.630514753363,3891.8449695825752,0.12298365685296138,0.8060406455983204,-0.7035241684447296
chr16,28930939.0,28930962.0,ATCAGCCACTGAGAAAGTGG, +,observation,28930945.0,26156,13901,29387,8563,2071,3138,9540.134241488577,5894.430485324299,10883.255448721284,9513.598582534689,7966.702693450919,11914.740989804997,-0.004017991717064483,0.43456665285793133,0.13062594793323606
chr16,28930939.0,28930962.0,GACCCACTTTCTCAGTGGCT, -,observation,28930956.0,34422,22403,55629,10610,2690,2004,12555.073438619047,9499.527096088072,20601.78369200382,11787.840822222708,10347.865883816017,7609.0315307741275,-0.09096350476144557,0.12339321113501502,-1.4368649402023308
chr16,28930942.0,28930965.0,AGAGACCCACTTTCTCAGTG, -,observation,28930959.0,56018,50507,46467,13800,6846,5956,20431.99418640874,21416.444897653004,17208.70558191486,15331.97015520013,26335.126334797194,22614.46696471592,-0.4142634384886657,0.29825678476205747,0.3940873686510174
chr16,28930942.0,28930965.0,AGCCACTGAGAAAGTGGGTC, +,observation,28930948.0,28994,25612,26332,7172,2713,4380,10575.265797435379,10860.236931884467,9751.859069511309,7968.180431383719,10436.342060517789,16630.518016362614,-0.40832707258347334,-0.05743404714606512,0.7700227395961332
chr16,28930945.0,28930968.0,CACTGAGAAAGTGGGTCTCT, +,observation,28930951.0,33838,46820,50102,13287,3608,4768,12342.06539468919,19853.04908444599,18554.900619043583,14762.020829865516,13879.21937130416,18103.723721921677,0.25828722622773753,-0.5164028948980506,-0.0355118631360145
chr16,28930945.0,28930968.0,CCAAGAGACCCACTTTCTCA, -,observation,28930962.0,41218,31664,48481,9118,3843,2350,15033.845127912378,13426.461901108454,17954.57540441204,10130.210425732956,14783.215089778792,8922.766515628344,-0.5695034566280629,0.13887102321008535,-1.0087072143126712
chr16,28930948.0,28930971.0,GACCCAAGAGACCCACTTTC, -,observation,28930965.0,29514,35140,48954,11788,3405,3475,10764.930494085253,14900.387544370613,18129.747413369918,13096.613347065153,13098.320942153732,13194.303677365317,0.2828309308612292,-0.18595464805622716,-0.45841384598646356
chr16,28930948.0,28930971.0,TGAGAAAGTGGGTCTCTTGG, +,observation,28930954.0,33597,21782,32689,9878,2992,2207,12254.163102588,9236.204937150846,12106.126428803555,10974.57979659905,11509.596551813205,8379.806680847554,-0.15909253133512255,0.31743432369136293,-0.5306954686047625
chr16,28930951.0,28930974.0,AGGGACCCAAGAGACCCACT, -,observation,28930968.0,8332,12652,22321,6805,557,2356,3039.0120240129536,5364.817962759732,8266.415247249048,7560.438906241803,2142.6621922994505,8945.548047157608,1.3145837687464024,-1.3237205340098446,0.11389478676594697
chr16,28930951.0,28930974.0,GAAAGTGGGTCTCTTGGGTC, +,observation,28930957.0,19935,19627,31959,8304,2071,1649,7271.087937913854,8322.42192183728,11835.77639383685,9225.846389042164,7966.702693450919,6261.124248626016,0.3434679930545285,-0.06301295477670046,-0.918552194709052
chr16,28930954.0,28930977.0,TTCAGGGACCCAAGAGACCC, -,observation,28930971.0,14116,10178,10033,5443,849,999,5148.667034441533,4315.769619425273,3715.646439480745,6047.240112663355,3265.9249573828247,3793.124999622432,0.23203626111282463,-0.40201878417595177,0.029765757224772017
chr16,28930957.0,28930980.0,GAATTCAGGGACCCAAGAGA, -,observation,28930974.0,11675,12788,2435,3689,1097,317,4258.337179590882,5422.485939596227,901.7840207451026,4098.5244856908175,4219.928949645417,1203.6242491294404,-0.055172364136360376,-0.3616598955584103,0.4161304176271488
chr16,28930957.0,28930980.0,GGGTCTCTTGGGTCCCTGAA, +,observation,28930963.0,48740,43637,63900,16012,3762,3048,17777.41791291303,18503.36400892716,23664.886622427948,17789.529429352497,14471.625076176899,11573.018016866039,0.000982498875327229,-0.35453892660202535,-1.0319191774232752
chr16,28930960.0,28930983.0,AAAGAATTCAGGGACCCAAG, -,observation,28930977.0,23867,20041,25077,4594,1306,665,8705.244836427888,8497.97002779543,9287.07921487677,5103.990644419521,5023.908120544133,2524.953077826744,-0.7701422748953501,-0.7581907975445779,-1.8785524366805837
chr16,28930960.0,28930983.0,TCTCTTGGGTCCCTGAATTC, +,observation,28930966.0,40396,18981,17643,10972,2903,4030,14734.02901128508,8048.499031863933,6533.952968380223,12190.02728571419,11167.23221588026,15301.595343822224,-0.2734302001171873,0.4724299406096517,1.227527598787476
chr16,28930963.0,28930986.0,CTTGGGTCCCTGAATTCTTT, +,observation,28930969.0,32264,17384,27621,9294,2555,2071,11767.964947522076,7371.324333276571,10229.230569610052,10325.748595828261,9828.549194479525,7863.425299517574,-0.1886013550192001,0.41500571144273685,-0.37942541273496744
chr16,28930963.0,28930986.0,GAAAAAGAATTCAGGGACCC, -,observation,28930980.0,6578,11094,22565,4219,1442,2406,2399.2584126208844,4704.180404588718,8356.778820580384,4687.361020636909,5547.071600172006,9135.394143234806,0.96589393151285,0.23773636697480935,0.1285053099508712
chr16,28930966.0,28930989.0,TCAGAAAAAGAATTCAGGGA, -,observation,28930983.0,10981,8780,11947,1409,1175,191,4005.207757523553,3722.976739885429,4424.482010612624,1565.416373092535,4519.978592373167,725.2120870148995,-1.3547694896486195,0.2797910244676856,-2.6073717503464775
chr16,28930969.0,28930992.0,GACTCAGAAAAAGAATTCAG, -,observation,28930986.0,15166,21463,24054,4166,2084,920,5531.643825753776,9100.93960912995,8908.218823409732,4628.4773671423,8016.710967238877,3493.1681678204577,-0.2571197172331711,-0.18298360383641826,-1.3503498949977428
chr16,28930972.0,28930995.0,AGGGACTCAGAAAAAGAATT, -,observation,28930989.0,8029,17743,4609,5085,1267,1601,2928.495864234278,7523.550830955259,1706.908645426767,5649.497698492221,4873.883299180257,6078.871996391906,0.9477255331835724,-0.6262377821845245,1.83181014146791
chr16,28930978.0,28931001.0,TGCTGCAGGGACTCAGAAAA, -,observation,28930995.0,44411,31241,40406,14432,3195,5317,16198.459313302843,13247.097531977299,14964.059606663906,16034.129947815092,12290.494980963633,20188.23385684932,-0.014709615969111958,-0.108124801613628,0.43198813898439686
chr16,28930981.0,28931004.0,CACTGCTGCAGGGACTCAGA, -,observation,28930998.0,50435,44777,70476,11607,2844,5039,18395.651876031363,18986.757344174242,26100.2589922102,12895.520115319412,10940.271588688756,19132.689562660096,-0.5124613910102274,-0.7952891008264611,-0.4480043003597798
chr16,28930984.0,28931007.0,TTTCACTGCTGCAGGGACTC, -,observation,28931001.0,32053,20583,25257,5073,3216,1157,11691.004849458379,8727.793876658518,9353.740867334314,5636.165550531178,12371.277577082643,4393.03866322638,-1.0524804908042542,0.5032568816788475,-1.090150126271573
chr16,28930987.0,28931010.0,GAGTCCCTGCAGCAGTGAAA, +,observation,28930993.0,33155,34234,39671,13282,4272,4166,12092.948110435607,14516.217051621616,14691.857859128937,14756.465768215081,16433.488124781423,15817.976725152204,0.28715970110298816,0.17896160694301452,0.10654124285706511
chr16,28930990.0,28931013.0,TCCCTGCAGCAGTGAAAAAG, +,observation,28930996.0,25303,23758,23627,8373,2381,3320,9229.011191022535,10074.086718245788,8750.082570079892,9302.506239818165,9159.20768377916,12605.780779526,0.01144213435141676,-0.13734004321879717,0.5266665169174699
chr16,28930993.0,28931016.0,CTGCAGCAGTGAAAAAGACA, +,observation,28930999.0,14165,17659,12902,5237,1417,2937,5166.5392847027715,7487.932374673895,4778.159111151258,5818.37157266544,5450.901842887471,11151.559683574658,0.17138591518556595,-0.45800047432371793,1.222546164076879
chr16,28930999.0,28931022.0,CAGTGAAAAAGACACAGAGG, +,observation,28931005.0,17083,18372,19143,7665,771,2051,6230.850024749555,7790.2652238240435,7089.466738859753,8515.909510116593,2965.875314655074,7787.486861086695,0.45066950759311586,-1.3929133289467028,0.13546247245785467
chr16,28931002.0,28931025.0,TGAAAAAGACACAGAGGCAC, +,observation,28931008.0,9023,5174,3461,2352,1051,58,3291.047226676534,2193.9272952354454,1281.7554397531005,2613.101000364544,4042.9765962418714,220.22147144955062,-0.3326701491017977,0.8816014952111353,-2.535682820084692
chr16,28931005.0,28931028.0,AAAAGACACAGAGGCACATA, +,observation,28931011.0,9760,13227,16507,5656,1481,1450,3559.860460197603,5608.6347765904975,6113.243872870393,6283.885738971879,5697.096421535882,5505.536786238765,0.8196606145031212,0.022573189597394433,-0.15102884367195743
chr16,28931008.0,28931031.0,AGACACAGAGGCACATAGAG, +,observation,28931014.0,1289,8544,6071,2153,407,152,470.14960381093346,3622.905838904454,2248.3494003874816,2392.0095466772377,1565.6436485922375,577.1321320746844,2.3445690167146074,-1.2098684105898314,-1.9600366146651877
chr16,28931011.0,28931034.0,CACAGAGGCACATAGAGAGT, +,observation,28931017.0,31988,27408,58314,11757,4258,3765,11667.296762377144,11621.793449519344,21596.15334116218,13062.171964832458,16379.633060702081,14295.41103461307,0.16291126661444158,0.49503426261126127,-0.5951881485622192
chr19:55_115_773-55_115_973,,,CCACCTTATATTCCCAGGGC,,negative_control,,10232,8885,12800,3212,1629,913,3732.0176463874873,3767.499810237134,4740.384174758649,3568.571604239334,6266.421384660332,3466.58971436965,-0.0645913862615773,0.7338816747134737,-0.4513750846078433
chr19:55_115_773-55_115_973,,,CGGGGACACAGGATCCCTGG,,negative_control,,13695,12457,32569,5554,1601,941,4995.111578115387,5282.132260677994,12061.685327165193,6170.562481303008,6158.711256501651,3572.9035281728816,0.30483009199305855,0.22146919700826156,-1.7549785108819096
chr19:55_115_773-55_115_973,,,GAGCCACATTAACCGGCCCT,,negative_control,,18742,8872,8297,4458,1263,1690,6835.953355022897,3761.9874300983515,3072.7318357791028,4952.892967527694,4858.496138014732,6416.798047409319,-0.4647908841580272,0.36892826399953943,1.0620870879695312
chr19:55_115_773-55_115_973,,,GTGGACATAGGGGCCCGGGT,,negative_control,,15588,2197,3081,4069,1361,1218,5685.564021881171,931.5922434542468,1141.0252845649532,4520.7091711238645,5235.481586570111,4624.6509004405625,-0.3306889965193287,2.4892794488914856,2.0180617968812915
chr19:55_115_773-55_115_973,,,TATAAGGTGGTCCCAGCTCG,,negative_control,,9165,16631,20748,2729,801,1598,3342.8402784539994,7052.0303144686295,7683.866473272848,3031.9526488073298,3081.2790233965165,6067.481230627273,-0.14078296300219748,-1.1942457727659763,-0.34068469704596416
chr19:55_115_773-55_115_973,,,TGCTGTCCTGAAGTGGACAT,,negative_control,,34413,28473,23848,10290,3458,3158,12551.790780407799,12073.384591658067,8831.92826559721,11432.31687659488,13302.200827596947,11990.679428235877,-0.1347641457390418,0.13982374880028062,0.4410700213959472
